 Solicitud de | Solicitud de 
Fecha del Viaje|Fecha del Viaje
Hora|Hora
Origen Predefinido|Origen Predefinido
Escribir direcci&oacute;n|Escribir dirección
Provincia|Provincia
Local. / Barrio|Local. / Barrio
Calle|Calle
Nro.|Nro.
Piso|Piso
Depto|Depto
Destino Predefinido|Destino Predefinido
Escribir direcci&oacute;n|Escribir dirección
Provincia|Provincia
Local. / Barrio|Local. / Barrio
Calle|Calle
Nro.|Nro.
Piso|Piso
Depto|Depto
Con espera|Con espera
Hs|Hs
Min|Min
Pasajeros|Pasajeros
Distancia de viaje: |Distancia de viaje: 
Tiempo de viaje: |Tiempo de viaje: 
